{"cameraMode":{"drawMode":0,"name":"Shaded","section":"Shading Mode"},"sceneLighting":false,"audioPlay":false,"sceneViewState":{"showFog":true,"showMaterialUpdate":false,"showSkybox":true,"showFlares":true,"showImageEffects":true,"showParticleSystems":true},"in2DMode":false,"pivot":{"x":-2.502673387527466,"y":2.3213489055633547,"z":-1.7642450332641602},"rotation":{"x":-0.04072331637144089,"y":-0.6070917844772339,"z":0.031176650896668435,"w":-0.7929755449295044},"size":1.3096892833709717,"orthographic":false}